Almond,Sèvres France 92310,01 46 48 26 00,http://www.rampar.com,CheckPoint
Dimension Data France,Parc Olry-Rungis France 94618,33 9 70 01 35 00,https://hello.global.ntt,CheckPoint
IBM France,LA GAUDE France 6610,33 4 92 11 44,http://www.ibm.com/fr-fr/,CheckPoint
Kyndryl France,Bois-Colombes Cedex France 92275,800-426-4968,https://www.ibm.com/kyndryl,CheckPoint
NTT COM SECURITY,Bagneux France 92220,330155581750,https://www.nttsecurity.com/fr-fr,CheckPoint
Orange Cyberdefense,Rueil Malmaison France 92500,33164539500,https://orangecyberdefense.com/fr/securite,CheckPoint
AT&T France,Noisy Le Grand France 93881,33149314000,http://www.att.com,CheckPoint
Computacenter NS SAS,Roissy CDG Cedex France 95943,33 1420 49595,http://www.computacenter.com,CheckPoint
Enterprise Services France SAS,Les Ulis Cedex France 91947,33141862405,http://www.dxc.technology/,CheckPoint
Fujitsu - France,. France ,,http://null,CheckPoint
Manhattan,Saint PRIEST France 69800,33472146470,http://www.manhattan-sa.net,CheckPoint
NXO,Rueil Malmaison France 92500,33184783000,http://www.nxo.eu,CheckPoint
SFR,PARIS France 75015,660649574,https://www.sfrbusiness.fr/solutions-entreprises/,CheckPoint
Sycomp,FOSTER CITY California USA 94404,6503128174,http://sycomp.com,CheckPoint
Arrow ECS France,Courbevoie Cedex France 92411,33149985000,http://www.arrowecs.fr,CheckPoint
INFINIGATE France,BOULOGNE BILLANCOURT France 92100,180730415,http://www.infinigate.fr,CheckPoint
Westcon France,Asnieres sur Seine Cedex France 92665,33172284000,http://fr.security.westcon.com/,CheckPoint
Accenture Plc FR,Paris France 75013,33 156526870,https://www.accenture.com/fr-fr/security-index,CheckPoint
ACTIVLAN,PARIS France 75019,171182737,http://www.activlan.fr,CheckPoint
APIXIT,Courtaboeuf Cedex France 91952,01 64 86 97 97,http://www.apixit.fr,CheckPoint
Axians,NANTERRE France 92000,33146674300,http://www.axians.fr,CheckPoint
Capgemini Technology Services S.A.S,Fournisseurs France 69791,,http://www.capgemini.com/fr-fr/,CheckPoint
CERIEL S.A.,Mont-Saint-Aignan France 76130,33235608909,http://www.ceriel.fr,CheckPoint
Cheops Technology,. France 33610,33 (0)5 56 18...,http://www.cheops.fr/fr,CheckPoint
Deloitte France,Paris-la-Defense Cedex France 92908,33682125164,https://www.deloitte.com/fr/fr.html,CheckPoint
Devoteam Revolve,Paris France 75008,+33 1 43 12 1...,http://www.d2si.io,CheckPoint
EXAPROBE,na France ,,https://www.exaprobe.com/,CheckPoint
EXPERT LINE,LE KREMLIN BICETRE France 94270,33146770000,http://www.expert-line.com,CheckPoint
infidis,Boulogne Billancourt France 92100,33155381610,http://www.infidis.com,CheckPoint
INMAC,Roissy en France France 95921,(014) 184-4337,http://www.inmac-wstore.com/,CheckPoint
NOVAHE,Saint-Cloud France 92210,+33 1 58 75 7...,https://www.novahe.fr/,CheckPoint
PROSODIE,Boulogne Billancourt France 92100,33146 84 11 11,http://www.prosodie.com,CheckPoint
SPIE ICS,Malakoff CEDEX France 92247,33141464146,http://www.spie-ics.com/,CheckPoint
AMIOS,Labege France 31676,33617900434,http://www.amios.fr,CheckPoint
Atos France,Nanterre France 92000,33688734378,https://atos.net/fr/,CheckPoint
AXEL IT,PUTEAUX France 92800,33171113615,http://www.axelit.fr,CheckPoint
BIGSO,TOULOUSe France 31200,(064) 239-5086,http://www.bigso.fr/,CheckPoint
Certilience,Limonest (Lyon Ouest) France 69000,04 28 29 72 50,https://www.certilience.fr,CheckPoint
CFI,Lyon France 69006,427859000,http://www.cfi-lyon.com,CheckPoint
Cloud Infinity,PARIS France 75015,33659054202,http://www.cloud-infinity.com,CheckPoint
EASYTEAM,LA GARENNE COLOMBES France 92250,675589981,https://easyteam.fr/,CheckPoint
Ecole Supérieure de,Paris France 75012,33156069046,http://www.esgi.fr,CheckPoint
EDGEMINDS,Paris - La Defense France 92081,33672847175,https://edgeminds.com/,CheckPoint
Elit Technologies,Asnieres sur Seine France 92600,33134487530,https://www.elit-technologies.fr/,CheckPoint
EM3 Labs SAS,PARIS France 75007,33 7 51 35 58 57,http://www.em3labs.eu,CheckPoint
EXELERYS FR,PARIS France 75017,183898144,https://www.exelerys.com,CheckPoint
EXODATA,Paris France 75001,262 262 977 955,http://www.exodata.fr,CheckPoint
GWELLTEK,BOURG LA REINE France 92340,+33 1 46 83 8...,http://null,CheckPoint
Harmonie Technologie,PARIS France 75008,33684189152,http://WWW.harmonie-technologie.com,CheckPoint
HPE - France,LES ULIS France 91940,,http://null,CheckPoint
Ibelem,Boulogne Billancourt France ,(012) 345-6789,http://www.itsibelem.com/en/,CheckPoint
INEO DIGITAL,Le Plessis Robinson France 92350,33 0 146302211,https://www.engie-ineo.fr/,CheckPoint
Infocube,. France ,,http://null,CheckPoint
Insight (France),Velizy- Vilacoublay France 78140,33130672963,http://fr.insight.com/,CheckPoint
INTEGRALE IP,. France 93400,,http://null,CheckPoint
IPANEMATECH SASU,Massy France 91300,+441252419859,http://infovista.com/sd-wan,CheckPoint
IQE CONSEIL,Paris France 75008,33153321701,https://iqe-conseil.com,CheckPoint
JLL INFORMATIQUE,SURESNES France 92150,146978265,http://www.jll.net,CheckPoint
Lafi,. France ,,http://null,CheckPoint
Lutessa,Paris France 75002,33601153048,http://www.lutessa.com,CheckPoint
MOBILITY PLUS,PARIS France 75002,33683975187,https://www.mobility-plus.fr/,CheckPoint
NCR SNC,Massy France 91749,164479285,https://www.ncr.com/,CheckPoint
Newlode,Paris France 75008,330603862404,http://www.optalia.fr,CheckPoint
NOVIDYS,Vélizy-Villacoublay France 78140,33 6 80 18 57 82,http://www.novidys.com/,CheckPoint
Orezon,Gradignan France 33170,(061) 217-1988,http://www.orezon.com/,CheckPoint
Phone Reso,Courbevoie France 92400,01 78 99 45 02,https://www.phonereso.fr/,CheckPoint
POSITIVE THINKING COMPANY FR,Paris France 75017,33761115843,https://positivethinking.tech/fr/,CheckPoint
PROTEGO,Antony France 92160,33 1 46663610,http://www.protego.net,CheckPoint
QUADRIA,LIMOGES France 87000,330555064450,http://www.quadria.fr,CheckPoint
S-CUBE,MALAKOFF CEDEX France 92247,,http://null,CheckPoint
SCOPELEC,Saint-Orens de Gameville France 31650,(053) 432-1000,http://www.groupe-scopelec.com/,CheckPoint
SERMA NES,Paris France 75009,153385700,https://www.nes.fr/fr/nes-experts-cybersecurite/,CheckPoint
Siinapse,Paris France 75003,(076) 040-2624,http://www.siinapse.com/,CheckPoint
Soget,Le Havre France 76085,33235192554,http://www.soget.fr,CheckPoint
Sogeti,ISSY LES MOULINEAUX France 92136,33155001200,http://www.fr.sogeti.com,CheckPoint
SOPRA STERIA INFRASTRUCTURE &,MEUDON LA FORET CEDEX France 92366,330134886000,http://null,CheckPoint
STANLEY SECURITY FRANCE,IVRY SUR SEINE France 94200,06 02 05 17 01,https://www.stanleysecurity.fr,CheckPoint
Steria,Issy les Moulineaux France 92782,+33 (0) 1 34 ...,http://null,CheckPoint
TIBCO TELECOM RESEAU,SAINT AIGNAN DE GRAND LIEU France 44860,330240322800,http://null,CheckPoint
UBCOM SA,Martigny Switzerland 1920,41799078478,http://www.ubcom.eu,CheckPoint
Unisys France Sa,Colombes Cedex France 92708,33 46695555,http://www.unisys.com/security,CheckPoint
Verizon France SARL,PARIS LA DEFENSE France FR-92042,+33 (1) 53 75...,http://www.verizonenterprise.com/fr/,CheckPoint
Worldline,Seclin France 59139,33(0)320608119,https://fr.worldline.com/,CheckPoint
XEFI,RILLIEUX-LA-PAPE France 69140,,http://null,CheckPoint